{"cameraMode":{"drawMode":0,"name":"Shaded","section":"Shading Mode"},"sceneLighting":true,"audioPlay":false,"sceneViewState":{"showFog":true,"showMaterialUpdate":false,"showSkybox":false,"showFlares":true,"showImageEffects":true,"showParticleSystems":true},"in2DMode":false,"pivot":{"x":0.326954185962677,"y":0.7066707611083984,"z":0.1600513458251953},"rotation":{"x":-0.04834400489926338,"y":0.6640558242797852,"z":-0.043096303939819339,"w":-0.7448784112930298},"size":1.442919373512268,"orthographic":false}